threshold,n_entities,macro_precision,macro_recall,macro_f0.5
0.05,22500,0.5989796472663139,0.5661752733686067,0.5661973191002743
0.1,22500,0.6227076895943562,0.5647721164021164,0.584777407932769
0.15,22500,0.6363814285714287,0.5627915873015873,0.5951853009535523
0.2,22500,0.6472539506172839,0.5610125220458554,0.603422138186679
0.25,22500,0.6545880599647267,0.5589810052910054,0.6089012386061777
0.3,22500,0.6605125044091711,0.5568476014109348,0.6129934807231326
0.35,22500,0.6653154144620812,0.5548300529100529,0.6161161175293142
0.4,22500,0.6696052733686068,0.5519842328042328,0.6187286514523146
0.45,22500,0.6738029276895943,0.5487606701940035,0.6211449706762506
0.5,22500,0.6765424162257495,0.5449638800705467,0.6222125457660946
0.55,22500,0.6793247971781304,0.5406547442680776,0.6231036394398002
0.6,22500,0.6820853968253969,0.5362926984126984,0.6238619287756186
0.65,22500,0.6835932980599647,0.5300889241622575,0.6231307019088151
0.7,22500,0.6850724162257495,0.5236882186948854,0.6222619868324494
0.75,22500,0.6856567724867726,0.514705238095238,0.6198910560374646
0.8,22500,0.683642380952381,0.5027317460317461,0.6143536128550414
0.85,22500,0.6788100529100529,0.4862022751322751,0.6051681557349924
0.9,22500,0.6701358201058202,0.46293525573192235,0.5905357372693225
0.95,22500,0.6502809523809524,0.42362534391534395,0.5617695990155005
